K,train_acc_mean,train_acc_std,test_acc_mean,test_acc_std,train_f1_mean,train_f1_std,test_f1_mean,test_f1_std
5,0.47663551401869153,0.0027645232631306623,0.45981308411214955,0.017131124093292864,0.2113180018936763,0.002730170312678459,0.19654778541551304,0.02188714818201214
10,0.5563084112149532,0.01243816042449175,0.5551401869158878,0.023157965781988532,0.30538105797913573,0.010066708725316995,0.3027749578368387,0.01398794890620272
15,0.5425233644859813,0.003810632343528072,0.5364485981308411,0.023900395986064325,0.29345305349841244,0.004065165346367296,0.286257727718694,0.01934209311846782
20,0.5714953271028037,0.012305788861928693,0.5710280373831776,0.015470042389950324,0.298839355581935,0.005387554170621748,0.29663501265932757,0.015315727860030553
25,0.5626168224299064,0.012354489781684396,0.5514018691588786,0.026268166958047085,0.3242325237166102,0.009894552435770181,0.3056756821468987,0.03016854527219065
