K,train_acc_mean,train_acc_std,test_acc_mean,test_acc_std,train_f1_mean,train_f1_std,test_f1_mean,test_f1_std
5,0.438785046728972,0.006795812884228498,0.43271028037383175,0.021229563909533733,0.11774037495697494,0.011042775281934666,0.11134066620045106,0.012813434988119515
10,0.5514018691588786,0.008160864110548149,0.5420560747663552,0.02895688483145733,0.2963443905805542,0.005538516042379346,0.28543860560151485,0.025179417411769548
15,0.5397196261682243,0.009404024204438387,0.5261682242990654,0.01607911264867779,0.2932376640326386,0.01382313843513537,0.27908879410650567,0.016468110336448617
20,0.5801401869158879,0.013952335165265065,0.5635514018691589,0.014953271028037372,0.3126014082192613,0.014863379874567944,0.2940726210636137,0.026917185957587433
25,0.580607476635514,0.014154328253141085,0.5579439252336449,0.029789490561699484,0.35698397426149553,0.023273411929378457,0.33503707523883763,0.014619637989431292
